fabric,length,rate,requirement,vendor,fabric type,images,Material code,category,unit of measurement
Light green white stripe,60.25 m,110,available,,,,,fabric,m
Beige white fabric,28 m,115,used,,,,,fabric,m
Blue white stripe,109 m,95,available,,,,,fabric,m
Green white stripe,94 m,95,av,,,,,fabric,m
Blue white block stripe,50 m,100,av,,,,,fabric,m
Brown white fabric,265 m,95,used,,,,,fabric,m
Pink white stripe,50/45 m,95,av,,,,,fabric,m
Yellow white stripe,100 m,95,av,,,,,fabric,m
Black white stripe,52 m,100,av,,,,,fabric,m
Dull green white stripe,60 m,95,av,,,,,fabric,m
Grey white stripe,60 m,100,used,,,,,fabric,m
Peach white stripe,85 m,100,used,,,,,fabric,m
Brown white stripe,40 m,95,used,,,,,fabric,m
D-grey white fabric,110.3 m,100,used,,,,,fabric,m
Blue-white fabric,39 m,95,used,,,,,fabric,m
Wine stripe fabric,90 m,95,used,,,,,fabric,m
Beige white stripe,76 m,85,used,,,,,fabric,m
Beige-blue stripe,42 m,95,used,,,,,fabric,m
Brown white stripe,80 m,85,used,,,,,fabric,m
Maroon white fabric,80m,100,used,,,,,fabric,m
dull pink white black stripe,54m,100,avaialble,,,,,fabric,m
pink white big stripe,34 m,100,avaialble,,,,,fabric,m
rust white big stripe,64 m,110,available,,,,,fabric,m
small gignam,25m,95,avaialble,,,,,fabric,m
wine wild ghigham,953m,95,used,sharma brothers,,,,fabric,m
navy white ghignam,179 m used,95,used,sharma brothers,,,,fabric,m
green white ghugham,319m used,95,used,sharma brothers,,,,fabric,m
navy white check,201m,130,used,surplus,,,,fabric,m
blue gray big stripw,44m,150,available,surplus,,,,fabric,m
kora thread emboidery,122.80m,245,used,surplus,,,,fabric,m
kora camric thread emboidery,85m,245,used,surplus,,,,fabric,m
kora camric thread sefli,140,270,nr,surplus,,,,fabric,m
kora camric selfi,120,270,nr,surplus,,,,fabric,m
kora camric,50m,54,nr,surplus,,,,fabric,m
cotton voil,99m,45rs,used,surplus,,,,fabric,m
brown poplin,1825m used 150m stock,115,nr,gandhi nagar agrwal textliles,,,,fabric,m
navy poplin,1369,115rs,100m available,aggrawal textiles,,,,fabric,m
white poplin,1483 used,115,nr,aggrawal textiles,,,,fabric,m
pink poplin,818 m used,115,nr,aggrawal textiles,,,,fabric,m
marron poplin,647 used,115,nr,aggrawal textiles,,,,fabric,m
red poplin,1200 used,115,100 available,aggrawal textiles,,,,fabric,m
yellow poplin,6084m used,115,827m available,darshani enterprises,,,,fabric,m
black poplin,2005m,115,534m available,darshani enterprises,,,,fabric,m
green poplin,200 m used,115,used,aggrawal textiles,,,,fabric,m
kora poplin,100m used,115,used,surplus,,,,fabric,m
powder blue poplin,190m used,115,used,darshani enterprises,,,,fabric,m
terry jersey,74.650g,450/kg,59.550g,gmr hoisery,,,,fabric,kg
lilac color,50kg 750g,450/kg,38.200g available,gmr hoisery,,,,fabric,kg
white terry fabric,128.300kg,450/kg,used,gmr hoisery,,,,fabric,kg
gold colr terry,41kg850,450/kg,26kg 200,gmr hoisery,,,,fabric,kg
beige blue marron stripe,120m,95,nr,gmr hoisery,,,,fabric,m
brown terry,58kg 700,450/kg,42.500 available,gmr hoisery,,,,fabric,kg
red terry,68650kg,450/kg,52750 available,gmr hoisery,,,,fabric,kg
black terry,139.350kg,450,used,gmr hoisery,,,,fabric,kg
white denim,98m,195,78.50m availbel,geeta textfare,,,,fabric,m
black denim,546m,210,515m availablr,gandhi nagar,,,,fabric,m
blue liaca denim,1440 m,190,32m available,gandhi nagar,,,,fabric,m
brown denim,100 m,210,93m available,gandhi nagar,,,,fabric,m
gray twill bitcoin,99.30m,190,available,vikas textiles,,,,fabric,m
black bitcoin,90m,190,available,vikas textiles,,,,fabric,m
dark gray bitcoin,103m,190,100m availble,vikas textiles,,,,fabric,m
banana crape,155m,270,100m available,vikas textiles,,,,fabric,m
armani plus black,639m,370,100m,vikas textiles,,,,fabric,m
armani plus wine,254 yard,370,used,vikas textiles,,,,fabric,yard
white asharfi cotton,130m,136,availble,vikas textiles,,,,fabric,m
black asharfi cotton,194m,136,availble,vikas textiles,,,,fabric,m
asharfi cotton olive,112m,136,used,vikas textiles,,,,fabric,m
sky blue asharfi cotton,112m,136,availble,vikas textiles,,,,fabric,m
light gray asharfi cotton,106 m,136,used,vikas textiles,,,,fabric,m
chamose lycra fabric,58kg,485/kg,used,vikas textiles,,,,fabric,kg
chamose-lycra-mint,56kg,485/kg,availble,vikas textiles,,,,fabric,kg
chamose-lycra-gray,60kg,485/kg,availble,vikas textiles,,,,fabric,kg
chine-lycra-creem,59kg,485.kg,26 kg avaialble,vikas textiles,,,,fabric,kg
zebra print biscos gray,106m,100,98m,amit impex,,,,fabric,m
cofee brown white polka,800m,100,used,amit impex,,,,fabric,m
navy white polka,640m,110,40 m avaialble,amit impex,,,,fabric,m
olive slub cotton,502m,120,402 m available,gandhi nagar,,,,fabric,m
beige slub cotton,434m,120,51m available,gandhi nagar,,,,fabric,m
armani gray,234m,380,availble,vikas textiles,,,,fabric,m
armani beige,226m,380,available,vikas textiles,,,,fabric,m
cream slub cotton,559m,120,avaialble full,gandhi nagar,,,,fabric,m
black rayon,795m,85,495 m available,dharsani enterprise,,,,fabric,m
red rayon,695m,85,used,dharsani enterprise,,,,fabric,m
white rayon,200m,75,available,dharsani enterprise,,,,fabric,m
