Materials,Quantity,rate,color
thread,107 box,110/box,
thread comb,21box,700/box,
ring adjuster,500 pic,1/pic,silver
ring adjuster,100pic,1/pic,black
mom pencil,7box,100/bx,
machine needle,410pic,110,
needle,11box,50/box,
bobbin,1box,300,
eye hook,2packet,200,
magic pen,19box,110/box,
ball pen ,1box,110/box,
boot cl,15pic,35/pic,
boot cr,15pic,35/pic,
zipper boot,15pic,25/pic,
tension spring,15pic,10/pic,
eyelet,500pic,1/pic,
binding folders,28mm,300,A10/S60
binding folders,28MM,300,A10/S60
binding folders,32mm,350,A10/S60
abrasive belt,1box,300,
db1-nbl,50pic,15/pic,
blade,10pic,80/pic,
mom chalk,1 packet,60,
marker,10pic,100,
marker big,10pic,100/pic,
roll elastic,11,90/roll,white
denim buttons,1000 pic,2/pic,
sticker roll,10pic,100/pic,
16mm button,2000 pic,1/pic,
fabric button,500 pic,1/pic,
20 line button,1000 pic,1.35/pic,
28 line button,1500,1.90/pic,
16line button,1000,1.10/pic,
chit button,2000 pic,5/pic,black
chit button,500 pic,5/pic,silver
dori,100 pic,5/pic,white
zip,2000,7/pic,
chalk,1 box,180,
leather patch,1000,5/pic,
leather patch,1000,7/pic,
polybag khush,5000,5.80/pc,
sticker khush,7000,2/pic,
butter paper,6000,2/,
hand tag,4000,2,
zip denim,150,35/pic,
denim zip pant,165,11/pic,
elastic ,1 suit,40,
black roll,3,90,black
hanger loop,1 roll,500,
2 suit elastic b/w,3 roll,100,
khush made in india,2000 pic,3/pic,
pant size labe,1500 *6 (every size),5/pic,
size label,1500*6(every size),4/pic,womens
shirt  label,2000,5/pic,all
size label,1000*6(everysize),2/pic,
loose thread,500,10/pic,
loose cone,30 pic,70/pic,
pink sequence small big,2 packet,not available,
golden sequen,2 packet,,
rambo sequence,1 packet,,
brown sequence,1 ;packet,,
black,2,,
gray,1,,
green,1,,
navy blue,1,,
marron,1,,
white transparent sequen,1,,
dark pink seqeen,1,,
silver,1,,
"metal sequence s,m ,l",2 s .1l,,
"antique gold s.l-3,2",1-1pack,,
light gold sequence,1pack,,
sheesha mirror,1,,
white moti big,1,,
white moti medium,1,,
white moti small,1,,
white moti extra small,2,,
surahi white -large small,2,,
white ful,1,,
brown moti,1,,
pink kardana,1,,
dark green sequen,1/2,,
rainbow moti,1,,
red moti,1,,
white off moti,1/2,,
antique kardana,1,,
light green moti,1,,
red transaparent moti,1,,
white moti transparent small,1,,
dhudiya moti,1,,
white kardana,1,,
black kardana big,1,,
rainbow kardana,1,,
pink kardana,1,,
golden moti,1,,
yellow moti,1,,
blue kardana,1,,
black kardana small,1,,
light gold kardana small,1,,
mustard kardana small,1,,
golden kardana small,1,,
golden kardana big,1,,
dark green moti,1,,
light green kardana,1,,
light blue karndana,1,,
rambo kardana,1,,
red kardana,1,,
gray kardana small,1,,
golden nalki,1,,
gajari kardana,1,,
antique moti,1,,
small moti golden,1,,
stone gajari,1,,
blue stone shoti,1,,
light blue softu,1,,
green pan,1,,
pink kashti stone,1,,
red kashti,1,,
rambo kasti,1,,
white kashti,1,,
purple kashti,1,,
black paan,1,,
pink paan,1,,
golden paan,1,,
white paan,1,,
green kashti,1,,
golden khasti,1,,
white kashti,1,,
navy kashti,1,,
white kashti big,1,,
golden kashti small,1,,
"golden square shofti s,l",1,,
"white square shoti s,l",1,,
light gold dakka,1,,
antique gold dakka,1,,
green dakka,1,,
red dakka,,,
antique nakshi,,,
white nakshi,,,
golden nakshi,,,
lambe blue transparen moti,1 bruj,,
red transparent moti,1,,
green transparent,,,
gray kardana small,,,
round moti ,,,
black transparent moti,,,
antique kashab 100 no,1,,
antique gold,,,
antique light gold kasab,2,,
white chain big size,1,,
white chain small,1,,
antique gold chain,1,,
